{"cameraMode":{"drawMode":0,"name":"Shaded","section":"Shading Mode"},"sceneLighting":false,"audioPlay":false,"sceneViewState":{"m_AlwaysRefresh":false,"showFog":true,"showSkybox":false,"showFlares":true,"showImageEffects":true,"showParticleSystems":true,"showVisualEffectGraphs":true,"m_FxEnabled":true},"in2DMode":false,"pivot":{"x":2.1014695167541506,"y":2.093287706375122,"z":2.6727967262268068},"rotation":{"x":0.13052445650100709,"y":-0.5925157070159912,"z":0.09832168370485306,"w":0.7890943288803101},"size":2.7487056255340578,"orthographic":false}