{"cameraMode":{"drawMode":0,"name":"Shaded","section":"Shading Mode"},"sceneLighting":false,"audioPlay":false,"sceneViewState":{"m_AlwaysRefresh":false,"showFog":true,"showSkybox":false,"showFlares":true,"showImageEffects":true,"showParticleSystems":true,"showVisualEffectGraphs":true,"m_FxEnabled":true},"in2DMode":false,"pivot":{"x":-3.6158690452575685,"y":1.262559413909912,"z":0.1263749599456787},"rotation":{"x":0.08102326095104218,"y":-0.8562436103820801,"z":0.14191193878650666,"w":0.4905005097389221},"size":10.345427513122559,"orthographic":false}