{"cameraMode":{"drawMode":0,"name":"Shaded","section":"Shading Mode"},"sceneLighting":true,"audioPlay":false,"sceneViewState":{"m_AlwaysRefresh":false,"showFog":true,"showSkybox":true,"showFlares":true,"showImageEffects":true,"showParticleSystems":true,"showVisualEffectGraphs":true,"m_FxEnabled":true},"in2DMode":false,"pivot":{"x":-3.5293939113616945,"y":-7.875066757202148,"z":-190.49732971191407},"rotation":{"x":0.22783276438713075,"y":-0.010804283432662487,"z":0.0027220670599490406,"w":0.973895251750946},"size":12.202052116394043,"orthographic":false}