{"cameraMode":{"drawMode":0,"name":"Shaded","section":"Shading Mode"},"sceneLighting":true,"audioPlay":false,"sceneViewState":{"m_AlwaysRefresh":false,"showFog":true,"showSkybox":true,"showFlares":true,"showImageEffects":true,"showParticleSystems":true,"showVisualEffectGraphs":true,"m_FxEnabled":true},"in2DMode":false,"pivot":{"x":-192.24009704589845,"y":240.89976501464845,"z":195.01869201660157},"rotation":{"x":-0.039690643548965457,"y":-0.8828635811805725,"z":0.07564225047826767,"w":-0.46218544244766238},"size":1.7866168022155762,"orthographic":false}