{"cameraMode":{"drawMode":0,"name":"Shaded","section":"Shading Mode"},"sceneLighting":true,"audioPlay":false,"sceneViewState":{"m_AlwaysRefresh":false,"showFog":true,"showSkybox":true,"showFlares":true,"showImageEffects":true,"showParticleSystems":true,"showVisualEffectGraphs":true,"m_FxEnabled":true},"in2DMode":false,"pivot":{"x":-10.185693740844727,"y":-1.4857940673828126,"z":-98.33138275146485},"rotation":{"x":-0.025334712117910386,"y":0.908918023109436,"z":-0.41282451152801516,"w":-0.05669678747653961},"size":2.8574776649475099,"orthographic":false}