{"cameraMode":{"drawMode":0,"name":"Shaded","section":"Shading Mode"},"sceneLighting":false,"audioPlay":false,"sceneViewState":{"m_AlwaysRefresh":false,"showFog":true,"showSkybox":false,"showFlares":true,"showImageEffects":true,"showParticleSystems":true,"showVisualEffectGraphs":true,"m_FxEnabled":true},"in2DMode":false,"pivot":{"x":-0.009766101837158203,"y":1.265061855316162,"z":2.3765814304351808},"rotation":{"x":-0.23757824301719666,"y":0.3979213535785675,"z":-0.10880792886018753,"w":-0.8796902298927307},"size":5.073172569274902,"orthographic":false}