{"cameraMode":{"drawMode":0,"name":"Shaded","section":"Shading Mode"},"sceneLighting":false,"audioPlay":false,"sceneViewState":{"m_AlwaysRefresh":false,"showFog":true,"showSkybox":false,"showFlares":true,"showImageEffects":true,"showParticleSystems":true,"showVisualEffectGraphs":true,"m_FxEnabled":true},"in2DMode":false,"pivot":{"x":-11.701318740844727,"y":-12.398178100585938,"z":17.41608238220215},"rotation":{"x":0.10475564002990723,"y":-0.021662021055817605,"z":0.005168150644749403,"w":0.9946745038032532},"size":6.575435638427734,"orthographic":false}