{"cameraMode":{"drawMode":0,"name":"Shaded","section":"Shading Mode"},"sceneLighting":true,"audioPlay":false,"sceneViewState":{"m_AlwaysRefresh":false,"showFog":true,"showSkybox":true,"showFlares":true,"showImageEffects":true,"showParticleSystems":true,"showVisualEffectGraphs":true,"m_FxEnabled":true},"in2DMode":false,"pivot":{"x":-13.125663757324219,"y":62.26580810546875,"z":-5.597345352172852},"rotation":{"x":-0.39519762992858889,"y":0.20253953337669373,"z":-0.09042129665613175,"w":-0.8917216658592224},"size":13.654799461364746,"orthographic":false}