{"cameraMode":{"drawMode":0,"name":"Shaded","section":"Shading Mode"},"sceneLighting":true,"audioPlay":false,"sceneViewState":{"m_AlwaysRefresh":false,"showFog":true,"showSkybox":false,"showFlares":true,"showImageEffects":true,"showParticleSystems":true,"showVisualEffectGraphs":true,"m_FxEnabled":true},"in2DMode":false,"pivot":{"x":50.76392364501953,"y":1.6708707809448243,"z":10.334166526794434},"rotation":{"x":-0.0047613088972866539,"y":-0.9424313306808472,"z":0.33455124497413638,"w":-0.013096226379275322},"size":5.837588310241699,"orthographic":false}