{"cameraMode":{"drawMode":0,"name":"Shaded","section":"Shading Mode"},"sceneLighting":false,"audioPlay":false,"sceneViewState":{"m_AlwaysRefresh":false,"showFog":true,"showSkybox":false,"showFlares":true,"showImageEffects":true,"showParticleSystems":true,"showVisualEffectGraphs":true,"m_FxEnabled":true},"in2DMode":false,"pivot":{"x":420.9198913574219,"y":247.60267639160157,"z":61.16566467285156},"rotation":{"x":0.11642985045909882,"y":-0.0160935390740633,"z":0.0018866987666115165,"w":0.9930673837661743},"size":249.08375549316407,"orthographic":false}