{"cameraMode":{"drawMode":0,"name":"Shaded","section":"Shading Mode"},"sceneLighting":false,"audioPlay":false,"sceneViewState":{"m_AlwaysRefresh":false,"showFog":true,"showSkybox":false,"showFlares":true,"showImageEffects":true,"showParticleSystems":true,"showVisualEffectGraphs":true,"m_FxEnabled":true},"in2DMode":false,"pivot":{"x":606.5808715820313,"y":242.42462158203126,"z":54.885162353515628},"rotation":{"x":0.11530916392803192,"y":0.1383928507566452,"z":-0.016225691884756089,"w":0.9835083484649658},"size":249.08375549316407,"orthographic":false}