{"cameraMode":{"drawMode":0,"name":"Shaded","section":"Shading Mode"},"sceneLighting":false,"audioPlay":false,"sceneViewState":{"m_AlwaysRefresh":false,"showFog":true,"showSkybox":false,"showFlares":true,"showImageEffects":true,"showParticleSystems":true,"showVisualEffectGraphs":true,"m_FxEnabled":true},"in2DMode":false,"pivot":{"x":0.018180573359131814,"y":-0.6104838848114014,"z":2.4810705184936525},"rotation":{"x":0.015767531469464303,"y":0.7159788012504578,"z":-0.6981409192085266,"w":0.01441411767154932},"size":3.9460835456848146,"orthographic":false}